{
  "name": "The Organic - E-Commerce Website",
  "description": "A modern, responsive e-commerce website for sustainable fashion built with HTML, Tailwind CSS, and vanilla JavaScript. Features popup authentication, shopping cart, product catalog, and blog.",
  "version": "1.0.0",
  "icon": "🌱",
  "category": "E-Commerce",
  "framework": "HTML/CSS/JS",
  "demoUrl": "https://organic-ecommerce.appwrite.global",
  "repositoryUrl": "https://github.com/shauryagautam/organic-ecommerce-website",
  "author": {
    "name": "Shaurya Gautam",
    "email": "shauryagautam@example.com",
    "url": "https://github.com/shauryagautam"
  },
  "tags": ["ecommerce", "sustainable", "fashion", "shopping", "responsive", "tailwind"],
  "features": [
    "Responsive design with mobile-first approach",
    "Popup authentication system",
    "Shopping cart with local storage",
    "Product catalog with filtering",
    "Blog section with articles",
    "Contact form and testimonials",
    "Smooth animations and hover effects",
    "SEO-friendly structure"
  ],
  "tech": ["HTML5", "Tailwind CSS", "Vanilla JavaScript", "Local Storage"],
  "buildCommand": "",
  "installCommand": "",
  "startCommand": "Open index.html in browser",
  "variables": []
}